ID,Name,Parent,URL
LEA-EXE-1,Share or export reports and dashboards,Executive Strategy,https://knowledge.hubspot.com/dashboard/email-or-export-reports-and-dashboards
LEA-EXE-2,"How to Create, Clone, Delete, and Manage Dashboards in HubSpot",Executive Strategy,https://knowledge.hubspot.com/dashboards/manage-your-dashboards
LEA-EXE-3,Report on performance,Executive Strategy,https://knowledge.hubspot.com/get-started/report-on-performance
LEA-EXE-4,Use dashboards in the mobile app,Executive Strategy,https://knowledge.hubspot.com/dashboards/use-dashboards-in-the-mobile-app
LEA-EXE-5,Reporting & Data,Executive Strategy,https://knowledge.hubspot.com/reporting-and-data
LEA-EXE-6,Customize your dashboard,Executive Strategy,https://knowledge.hubspot.com/dashboards/customize-your-dashboards
LEA-EXE-1,Analyze your campaign ROI,Executive Strategy,https://knowledge.hubspot.com/campaigns/analyze-your-campaign-roi
LEA-EXE-2,Configure the calculation of ROI for paid ad campaigns,Executive Strategy,https://knowledge.hubspot.com/ads/configure-the-calculation-of-roi-for-paid-ad-campaigns
LEA-EXE-3,Analyze ad campaigns in HubSpot,Executive Strategy,https://knowledge.hubspot.com/ads/analyze-ad-campaigns-in-hubspot?t=1
LEA-EXE-4,Ads attribution in HubSpot,Executive Strategy,https://knowledge.hubspot.com/ads/ads-attribution-in-hubspot
LEA-EXE-5,Review and apply Google Ads recommendations in HubSpot,Executive Strategy,https://knowledge.hubspot.com/ads/review-and-apply-google-ads-recommendations
LEA-EXE-6,Track recurring revenue in HubSpot,Executive Strategy,https://knowledge.hubspot.com/reports/track-recurring-revenue-with-revenue-analytics
LEA-EXE-1,Manage your brands with HubSpot Brands,Executive Strategy,https://knowledge.hubspot.com/branding/manage-your-brands-with-hubspot-brands
LEA-EXE-2,Manage your brands HubSpot Brands,Executive Strategy,https://knowledge.hubspot.com/branding/manage-brands-with-business-unit?hubs_content=knowledge.hubspot.com/salesforce/how-do-i-map-salesforce-record-type-to-hubspot&hubs_content-cta=business+units+add-on
LEA-EXE-3,HubSpot Knowledge Base,Executive Strategy,https://knowledge.hubspot.com/
LEA-EXE-4,View and manage contracts - knowledge.hubspot.com,Executive Strategy,https://knowledge.hubspot.com/quotes/view-and-manage-contracts
LEA-EXE-5,Set up account-based marketing in HubSpot,Executive Strategy,https://knowledge.hubspot.com/branding/get-started-with-account-based-marketing-in-hubspot
LEA-EXE-6,Analyze performance for all pages - knowledge.hubspot.com,Executive Strategy,https://knowledge.hubspot.com/website-and-landing-pages/analyze-performance-for-all-pages
REV-DAT-1,Create and edit properties,Data Governance,https://knowledge.hubspot.com/properties/create-and-edit-properties
REV-DAT-2,"Organize, delete, and export properties",Data Governance,https://knowledge.hubspot.com/properties/organize-and-export-properties
REV-DAT-3,Learn how to create and use campaign properties with HubSpot...,Data Governance,https://knowledge.hubspot.com/campaigns/campaign-properties
REV-DAT-4,HubSpot's default activity properties,Data Governance,https://knowledge.hubspot.com/properties/hubspots-default-activity-properties
REV-DAT-5,Create and use smart properties,Data Governance,https://knowledge.hubspot.com/properties/create-smart-properties
REV-DAT-6,Create calculation and rollup properties,Data Governance,https://knowledge.hubspot.com/properties/create-calculation-properties
REV-DAT-1,Use data quality tools - HubSpot,Data Governance,https://knowledge.hubspot.com/data-management/use-data-quality-tools
REV-DAT-2,Receive a weekly data quality digest - HubSpot,Data Governance,https://knowledge.hubspot.com/reports/receive-a-weekly-data-quality-digest
REV-DAT-3,A guide to HubSpot's navigation,Data Governance,https://knowledge.hubspot.com/help-and-resources/a-guide-to-hubspots-navigation
REV-DAT-4,Use the data model builder - HubSpot,Data Governance,https://knowledge.hubspot.com/data-management/use-the-data-model-builder
REV-DAT-5,HubSpot Glossary,Data Governance,https://knowledge.hubspot.com/get-started/hubspot-glossary
REV-DAT-6,Data Topics - knowledge.hubspot.com,Data Governance,https://knowledge.hubspot.com/data/topics
REV-DAT-1,Create and edit custom objects,Data Governance,https://knowledge.hubspot.com/object-settings/create-custom-objects
REV-DAT-2,Learn how to create and merge custom object records in HubSpot.,Data Governance,https://knowledge.hubspot.com/records/use-custom-objects
REV-DAT-3,Understand objects,Data Governance,https://knowledge.hubspot.com/records/understand-objects
REV-DAT-4,Track your CRM data usage,Data Governance,https://knowledge.hubspot.com/data-management/track-crm-data-limits
REV-DAT-5,View a model of your CRM object and activity relationships,Data Governance,https://knowledge.hubspot.com/data-management/view-a-model-of-your-crm-object-and-activity-relationships?hubs_content=knowledge.hubspot.com/help-and-resources/a-guide-to-hubspots-navigation&hubs_content-cta=data-model-explorer
REV-DAT-6,Set up and manage object pipelines,Data Governance,https://knowledge.hubspot.com/object-settings/set-up-and-customize-pipelines
REV-DAT-1,Connect and use HubSpot data sync,Data Governance,https://knowledge.hubspot.com/integrations/connect-and-use-hubspot-data-sync
REV-DAT-2,Learn how to connect HubSpot and Shopify using HubSpot's data sync.,Data Governance,https://knowledge.hubspot.com/integrations/connect-hubspot-and-shopify-via-data-sync
REV-DAT-3,Understand your data sync field mappings,Data Governance,https://knowledge.hubspot.com/integrations/understand-your-data-sync-field-mappings
REV-DAT-4,Connect HubSpot and Jira (Data Sync),Data Governance,https://knowledge.hubspot.com/integrations/connect-hubspot-and-jira-data-sync
REV-DAT-5,Sync custom objects between HubSpot and data sync apps,Data Governance,https://knowledge.hubspot.com/integrations/sync-custom-objects-between-hubspot-and-data-sync-apps
REV-DAT-6,Learn more about association mapping with data sync.,Data Governance,https://knowledge.hubspot.com/integrations/association-mapping-with-data-sync
REV-REV-1,Create reports with the custom report builder,Revenue Insights,https://knowledge.hubspot.com/reports/create-reports-with-the-custom-report-builder
REV-REV-2,Understand the custom report builder,Revenue Insights,https://knowledge.hubspot.com/reports/understand-the-custom-report-builder
REV-REV-3,Create custom reports,Revenue Insights,https://knowledge.hubspot.com/reports/create-custom-reports
REV-REV-4,Report on campaigns using the custom report builder,Revenue Insights,https://knowledge.hubspot.com/campaigns/report-on-campaigns-using-the-custom-report-builder
REV-REV-5,Report on ad campaigns using the custom report builder,Revenue Insights,https://knowledge.hubspot.com/ads/report-on-ad-campaigns-using-the-custom-report-builder
REV-REV-6,Report on forms using the custom report builder,Revenue Insights,https://knowledge.hubspot.com/forms/report-on-forms-using-the-custom-report-builder
REV-REV-1,Analyze revenue attribution for content,Revenue Insights,https://knowledge.hubspot.com/website-and-landing-pages/analyze-revenue-attribution-for-content
REV-REV-2,Use campaign attribution reports,Revenue Insights,https://knowledge.hubspot.com/campaigns/use-campaign-attribution-reports
REV-REV-3,Analyze revenue attribution for your content - Knowledge Base,Revenue Insights,https://knowledge.hubspot.com/website-pages/analyze-revenue-attribution-for-your-content
REV-REV-4,Create attribution reports,Revenue Insights,https://knowledge.hubspot.com/reports/create-a-multi-touch-revenue-attribution-report
REV-REV-5,How to Understand Attribution Report Definitions in HubSpot's Report Builder,Revenue Insights,https://knowledge.hubspot.com/reports/understand-attribution-reporting
REV-REV-6,Understand attribution reporting,Revenue Insights,https://knowledge.hubspot.com/reports/understand-attribution-reporting?__hssc=252646614.1.1761782400150&__hsfp=3097910434
REV-REV-1,Use the forecast tool,Revenue Insights,https://knowledge.hubspot.com/forecast/use-the-forecast-tool
REV-REV-2,Set up the forecast tool,Revenue Insights,https://knowledge.hubspot.com/forecast/set-up-the-forecast-tool
REV-REV-3,Sales Tools Topics,Revenue Insights,https://knowledge.hubspot.com/sales-tools/topics
REV-REV-4,Improve forecasting with AI projections,Revenue Insights,https://knowledge.hubspot.com/forecast/improve-forecasting-with-ai-projections
REV-REV-5,Sales Tools,Revenue Insights,https://knowledge.hubspot.com/sales-tools
REV-REV-6,Track the accuracy of forecasts,Revenue Insights,https://knowledge.hubspot.com/forecast/track-the-accuracy-of-forecasts
REV-REV-1,View and manage your goals,Revenue Insights,https://knowledge.hubspot.com/goals/view-and-manage-your-goals
REV-REV-2,Create custom goals,Revenue Insights,https://knowledge.hubspot.com/reports/create-custom-goals
REV-REV-3,Report on goals,Revenue Insights,https://knowledge.hubspot.com/goals/report-on-goals
REV-REV-4,Use the campaign goals tracker,Revenue Insights,https://knowledge.hubspot.com/campaigns/use-the-campaign-goals-tracker
REV-REV-5,Create marketing goals,Revenue Insights,https://knowledge.hubspot.com/forecast/create-ad-goals
REV-REV-6,Create service goals,Revenue Insights,https://knowledge.hubspot.com/forecast/create-and-monitor-goals
REV-POR-1,Download the domain audit log,Portal Health & Security,https://knowledge.hubspot.com/domains-and-urls/download-the-domain-audit-log
REV-POR-2,Set up export notifications and view a log of exports in your account,Portal Health & Security,https://knowledge.hubspot.com/crm-setup/view-a-log-of-your-users-exports-in-your-account
REV-POR-3,Understand user behavior patterns with the audit analyzer assistant,Portal Health & Security,https://knowledge.hubspot.com/account-security/use-the-audit-analyzer-assistant
REV-POR-4,Set up and use the HubSpot connector for Claude,Portal Health & Security,https://knowledge.hubspot.com/integrations/set-up-and-use-the-hubspot-connector-for-claude?swcfpc=1
REV-POR-5,Set up and use the HubSpot connector for ChatGPT,Portal Health & Security,https://knowledge.hubspot.com/integrations/connect-your-hubspot-account-to-chatgpt?ref_type=adv
REV-POR-6,Create or log activities on a record,Portal Health & Security,https://knowledge.hubspot.com/records/manually-log-activities-on-records
REV-POR-1,Create a health score in the customer success workspace,Portal Health & Security,https://knowledge.hubspot.com/help-desk/customize-a-health-score-in-the-customer-success-workspace
REV-POR-2,Test records in lead and health scores,Portal Health & Security,https://knowledge.hubspot.com/scoring/test-records-in-scoring-tools
REV-POR-3,Use data quality tools,Portal Health & Security,https://knowledge.hubspot.com/data-management/data-quality-command-center
REV-POR-4,Store Sensitive Data in HubSpot,Portal Health & Security,https://knowledge.hubspot.com/account-security/store-sensitive-data
REV-POR-5,"Set up score properties to qualify contacts, companies, and deals",Portal Health & Security,https://knowledge.hubspot.com/properties/set-up-score-properties-to-qualify-leads
REV-POR-6,Store protected health data in HubSpot (BETA),Portal Health & Security,https://knowledge.hubspot.com/properties/store-health-data
REV-POR-1,Sending limits for connected email accounts,Portal Health & Security,https://knowledge.hubspot.com/connected-email/sales-email-send-limits
REV-POR-2,Ad tracking in HubSpot,Portal Health & Security,https://knowledge.hubspot.com/ads/ad-tracking-in-hubspot
REV-POR-3,Resolve Salesforce integration suspension errors,Portal Health & Security,https://knowledge.hubspot.com/salesforce/resolve-salesforce-integration-suspension-errors
REV-POR-4,Manage your Salesforce integration settings,Portal Health & Security,https://knowledge.hubspot.com/salesforce/manage-your-salesforce-integration-settings
REV-POR-5,Manage your connected apps,Portal Health & Security,https://knowledge.hubspot.com/integrations/manage-your-connected-apps
REV-POR-6,Ads,Portal Health & Security,https://knowledge.hubspot.com/ads/ads-faq
REV-POR-1,Set up single sign-on (SSO),Portal Health & Security,https://knowledge.hubspot.com/account-security/set-up-single-sign-on-sso
REV-POR-2,Set up single sign-on (SSO) to access private content,Portal Health & Security,https://knowledge.hubspot.com/website-pages/set-up-single-sign-on-sso-to-access-private-content
REV-POR-3,Set up single sign-on (SSO) using Active Directory Federation Services (AD FS),Portal Health & Security,https://knowledge.hubspot.com/account-securitys/set-up-single-sign-on-sso-using-active-directory-federation-services-adfs
REV-POR-4,Log in to HubSpot,Portal Health & Security,https://knowledge.hubspot.com/account-management/log-in-to-hubspot
REV-POR-5,Account & Setup Topics,Portal Health & Security,https://knowledge.hubspot.com/account-and-setup/topics
REV-POR-6,Provision HubSpot users with SCIM through Okta,Portal Health & Security,https://knowledge.hubspot.com/user-management/provision-hubspot-users-with-scim-through-okta
REV-POR-1,Configure allowed 2FA methods for users,Portal Health & Security,https://knowledge.hubspot.com/account-security/configure-allowed-2fa-methods-for-users
REV-POR-2,Set up two-factor authentication for your HubSpot login,Portal Health & Security,https://knowledge.hubspot.com/account-security/set-up-two-factor-authentication-for-your-hubspot-login
REV-POR-3,Reset your two-factor authentication,Portal Health & Security,https://knowledge.hubspot.com/account-security/reset-your-two-factor-authentication
REV-POR-4,Improve your account security with login and password best practices,Portal Health & Security,https://knowledge.hubspot.com/account-security/account-security-and-passwords
REV-POR-6,Mitigate risk of payment fraud,Portal Health & Security,https://knowledge.hubspot.com/payments/mitigate-risk-with-payments
MAR-MAR-1,Use marketing reports in the marketing analytics suite,Marketing Leadership,https://knowledge.hubspot.com/reports/use-marketing-reports-in-the-marketing-analytics-suite
MAR-MAR-2,"How to Create, Clone, Delete, and Manage Dashboards in HubSpot",Marketing Leadership,https://knowledge.hubspot.com/dashboards/manage-your-dashboards
MAR-MAR-3,Analyze your site traffic with web traffic analytics,Marketing Leadership,https://knowledge.hubspot.com/reports/analyze-your-site-traffic-with-the-traffic-analytics-tool
MAR-MAR-4,Reporting & Data Topics,Marketing Leadership,https://knowledge.hubspot.com/reporting-and-data/topics
MAR-MAR-5,Report on performance,Marketing Leadership,https://knowledge.hubspot.com/get-started/report-on-performance
MAR-MAR-6,Analyze individual campaign performance,Marketing Leadership,https://knowledge.hubspot.com/campaigns/analyze-campaigns
MAR-MAR-1,Analyze your campaign ROI,Marketing Leadership,https://knowledge.hubspot.com/campaigns/analyze-your-campaign-roi
MAR-MAR-2,Configure the calculation of ROI for paid ad campaigns,Marketing Leadership,https://knowledge.hubspot.com/ads/configure-the-calculation-of-roi-for-paid-ad-campaigns
MAR-MAR-3,Analyze ad campaigns in HubSpot,Marketing Leadership,https://knowledge.hubspot.com/ads/analyze-ad-campaigns-in-hubspot
MAR-MAR-4,Analyze individual campaign performance,Marketing Leadership,https://knowledge.hubspot.com/campaigns/analyze-campaigns
MAR-MAR-5,Analyze your campaign's contact lifecycle stage metrics,Marketing Leadership,https://knowledge.hubspot.com/campaigns/analyze-your-campaigns-contact-lifecycle-metrics
MAR-MAR-6,Analyze campaigns,Marketing Leadership,https://knowledge.hubspot.com/campaigns/analyze-overall-campaigns
MAR-MAR-1,Understand HubSpot's traffic sources in the web traffic analysis tool,Marketing Leadership,https://knowledge.hubspot.com/reports/understand-hubspots-traffic-sources-in-the-traffic-analytics-tool
MAR-MAR-2,How to Understand Attribution Report Definitions in HubSpot's Report...,Marketing Leadership,https://knowledge.hubspot.com/reports/understand-attribution-reporting
MAR-MAR-3,HubSpot Knowledge Base,Marketing Leadership,https://knowledge.hubspot.com/
MAR-MAR-4,Manage marketing email open and click tracking,Marketing Leadership,https://knowledge.hubspot.com/marketing-email/manage-marketing-email-open-and-click-tracking
MAR-MAR-5,Use intent signals,Marketing Leadership,https://knowledge.hubspot.com/reports/use-intent-signals
MAR-FRO-1,Set up quote approvals,Frontline Managers,https://knowledge.hubspot.com/quotes/set-up-quote-approvals
MAR-FRO-2,Associate assets and content with a campaign,Frontline Managers,https://knowledge.hubspot.com/campaigns/associate-assets-and-content-with-a-campaign
MAR-FRO-3,Create campaigns,Frontline Managers,https://knowledge.hubspot.com/campaigns/create-campaigns
MAR-FRO-4,Getting started with HubSpot CPQ,Frontline Managers,https://knowledge.hubspot.com/cpq/getting-started-with-hubspot-cpq
MAR-FRO-5,Use home for marketing (BETA),Frontline Managers,https://knowledge.hubspot.com/campaigns/use-home-for-marketing?hubs_content=knowledge.hubspot.com/campaigns/use-marketing-home-on-mobile&hubs_content-cta=Home+for+marketing
MAR-FRO-6,Use the collaboration sidebar,Frontline Managers,https://knowledge.hubspot.com/campaigns/collaboration-sidebar
MAR-FRO-1,Use marketing reports in the marketing analytics suite,Frontline Managers,https://knowledge.hubspot.com/reports/use-marketing-reports-in-the-marketing-analytics-suite
MAR-FRO-2,"How to Create, Clone, Delete, and Manage Dashboards in HubSpot",Frontline Managers,https://knowledge.hubspot.com/dashboards/manage-your-dashboards
MAR-FRO-3,Report on performance,Frontline Managers,https://knowledge.hubspot.com/get-started/report-on-performance
MAR-FRO-4,Use campaign attribution reports,Frontline Managers,https://knowledge.hubspot.com/campaigns/use-campaign-attribution-reports
MAR-FRO-5,Report on ad campaigns using the custom report builder,Frontline Managers,https://knowledge.hubspot.com/ads/report-on-ad-campaigns-using-the-custom-report-builder
MAR-FRO-6,Report on campaigns using the custom report builder,Frontline Managers,https://knowledge.hubspot.com/campaigns/report-on-campaigns-using-the-custom-report-builder
MAR-FRO-1,Manage user permissions,Frontline Managers,https://knowledge.hubspot.com/user-management/manage-user-permissions
MAR-FRO-2,A comprehensive overview of HubSpot's user permissions settings.,Frontline Managers,https://knowledge.hubspot.com/user-management/hubspot-user-permissions-guide
MAR-FRO-3,View user permissions history,Frontline Managers,https://knowledge.hubspot.com/user-management/view-user-permissions-history
MAR-FRO-4,Add HubSpot users,Frontline Managers,https://knowledge.hubspot.com/account-management/add-hubspot-users
MAR-FRO-5,Learn how to manage user access to CRM emails.,Frontline Managers,https://knowledge.hubspot.com/connected-email/limit-access-to-logged-emails-in-the-crm
MAR-FRO-6,Create and edit permission sets,Frontline Managers,https://knowledge.hubspot.com/user-management/create-permission-sets
MAR-MAR-1,Understand marketing contacts billing,Marketing Ops,https://knowledge.hubspot.com/account/understand-marketing-contacts-billing
MAR-MAR-2,Understand marketing contacts,Marketing Ops,https://knowledge.hubspot.com/records/marketing-contacts
MAR-MAR-3,Learn how to navigate your HubSpot billing page and how to manage...,Marketing Ops,https://knowledge.hubspot.com/account/manage-your-hubspot-subscription
MAR-MAR-4,Set contacts as marketing,Marketing Ops,https://knowledge.hubspot.com/records/set-contacts-as-marketing
MAR-MAR-5,Set contacts as non-marketing,Marketing Ops,https://knowledge.hubspot.com/records/set-contacts-as-non-marketing
MAR-MAR-6,Account & Setup Topics,Marketing Ops,https://knowledge.hubspot.com/account-and-setup/topics
MAR-MAR-1,Delete a contact from your account to comply with data privacy laws.,Marketing Ops,https://knowledge.hubspot.com/privacy-and-consent/how-do-i-perform-a-gdpr-delete-in-hubspot
MAR-MAR-2,Manage data privacy settings in your HubSpot account,Marketing Ops,https://knowledge.hubspot.com/privacy-and-consent/how-do-i-turn-on-gdpr-functionality-in-my-hubspot-account
MAR-MAR-3,A list of resources about GDPR-related functionality in your HubSpot...,Marketing Ops,https://knowledge.hubspot.com/privacy-and-consent/gdpr-resources
MAR-MAR-4,Manage data privacy requests,Marketing Ops,https://knowledge.hubspot.com/privacy-and-consent/manage-data-privacy-requests
MAR-MAR-5,Set default notice and consent language for data privacy-enabled forms...,Marketing Ops,https://knowledge.hubspot.com/privacy-and-consent/set-default-notice-and-consent-language-for-gdpr-enabled-forms-documents-and-meetings
MAR-MAR-6,Call recording laws,Marketing Ops,https://knowledge.hubspot.com/calling/what-are-the-call-recording-laws
MAR-MAR-1,Customize email subscription pages,Marketing Ops,https://knowledge.hubspot.com/marketing-email/customize-email-subscription-pages
MAR-MAR-2,Create and conduct customer support surveys,Marketing Ops,https://knowledge.hubspot.com/customer-feedback/how-do-i-send-a-customer-support-survey
MAR-MAR-3,Route tickets in help desk,Marketing Ops,https://knowledge.hubspot.com/help-desk/route-tickets-in-help-desk
MAR-MAR-4,Manage your contacts' messaging subscriptions,Marketing Ops,https://knowledge.hubspot.com/records/manage-your-subscription-preferences-and-types
MAR-MAR-6,Manage user availability for help desk,Marketing Ops,https://knowledge.hubspot.com/help-desk/manage-user-availability-for-help-desk?hubs_content=knowledge.hubspot.com/help-desk/route-tickets-in-help-desk&hubs_content-cta=agent-availability
MAR-MAR-1,Limit access to your HubSpot assets,Marketing Ops,https://knowledge.hubspot.com/account-security/limit-access-to-your-hubspot-assets
MAR-MAR-2,Associate assets and content with a campaign,Marketing Ops,https://knowledge.hubspot.com/campaigns/associate-assets-and-content-with-a-campaign
MAR-MAR-3,"Learn how to filter, clone, and delete your campaigns.",Marketing Ops,https://knowledge.hubspot.com/campaigns/manage-campaigns
MAR-MAR-4,Analyze individual campaign performance,Marketing Ops,https://knowledge.hubspot.com/campaigns/analyze-campaigns
MAR-MAR-5,Set up multi-account management,Marketing Ops,https://knowledge.hubspot.com/account-management/set-up-multi-account-management
MAR-MAR-6,Campaigns,Marketing Ops,https://knowledge.hubspot.com/campaigns/campaigns-faq
MAR-DEM-1,Understand the lead scoring tool,Demand Gen,https://knowledge.hubspot.com/scoring/understand-the-lead-scoring-tool
MAR-DEM-2,"Build lead scores to qualify contacts, companies, and deals",Demand Gen,https://knowledge.hubspot.com/scoring/build-lead-scores
MAR-DEM-3,Build contact lead scores with AI,Demand Gen,https://knowledge.hubspot.com/scoring/build-lead-scores-with-ai
MAR-DEM-4,"Edit, turn off, or delete lead scores",Demand Gen,https://knowledge.hubspot.com/scoring/manage-lead-scores
MAR-DEM-5,Determine likelihood to close with predictive lead scoring,Demand Gen,https://knowledge.hubspot.com/properties/determine-likelihood-to-close-with-predictive-lead-scoring
MAR-DEM-6,Test records in lead and health scores,Demand Gen,https://knowledge.hubspot.com/scoring/test-records-in-scoring-tools
MAR-DEM-1,Ads attribution in HubSpot,Demand Gen,https://knowledge.hubspot.com/ads/ads-attribution-in-hubspot
MAR-DEM-2,Analyze ad campaigns in HubSpot,Demand Gen,https://knowledge.hubspot.com/ads/analyze-ad-campaigns-in-hubspot
MAR-DEM-3,Understand HubSpot Ads contact attribution and ad network...,Demand Gen,https://knowledge.hubspot.com/ads/data-in-hubspot-ads-doesnt-match-external-ad-networks
MAR-DEM-4,How to Understand Attribution Report Definitions in HubSpot's Report...,Demand Gen,https://knowledge.hubspot.com/reports/understand-attribution-reporting
MAR-DEM-5,Ad tracking in HubSpot,Demand Gen,https://knowledge.hubspot.com/ads/ad-tracking-in-hubspot
MAR-DEM-6,Marketing Tools,Demand Gen,https://knowledge.hubspot.com/marketing-tools?hubs_content=knowledge.hubspot.com/&hubs_content-cta=marketing-tools-right
MAR-DEM-1,Create and manage smart content rules,Demand Gen,https://knowledge.hubspot.com/website-and-landing-pages/create-and-manage-smart-content-rules
MAR-DEM-2,Smart content,Demand Gen,https://knowledge.hubspot.com/website-pages/smart-content-frequently-asked-questions
MAR-DEM-3,Analyze individual content performance,Demand Gen,https://knowledge.hubspot.com/website-and-landing-pages/analyze-individual-content-performance
MAR-DEM-4,Add smart content to your calls-to-action (CTAs),Demand Gen,https://knowledge.hubspot.com/ctas/add-smart-content-to-your-ctas
MAR-DEM-5,Learn how to use smart forms to target different website visitors and...,Demand Gen,https://knowledge.hubspot.com/forms/create-smart-forms
MAR-DEM-1,Use progressive fields in forms (legacy),Demand Gen,https://knowledge.hubspot.com/forms/use-progressive-fields-in-forms
MAR-DEM-2,Get Started,Demand Gen,https://knowledge.hubspot.com/get-started?__hstc=20629287.4ccb498837aa13662b8b00e89776db2f.1740730840863.1740730840863.1740730840863.1&__hssc=20629287.1.1740730840863&__hsfp=2267535624&hubs_signup-url=knowledge.hubspot.com/forms/use-progressive-fields-in-forms&hubs_signup-cta=cta_button&hsCtaTracking=21472a0f-6f98-4d81-907c-6ac264c03136|f371c0e2-3d73-498e-9582-1837ee45e7b1
MAR-DEM-3,ใช้ฟิลด์โปรเกรสซีฟในรูปแบบ (ดั้งเดิม),Demand Gen,https://knowledge.hubspot.com/th/forms/use-progressive-fields-in-forms
MAR-CON-1,Learn how to create and publish social posts in HubSpot's social tool.,Content Execution,https://knowledge.hubspot.com/social/create-and-publish-social-posts
MAR-CON-2,Create and monitor your social feeds,Content Execution,https://knowledge.hubspot.com/social/social-streams
MAR-CON-3,Connect your social media accounts to HubSpot,Content Execution,https://knowledge.hubspot.com/social/connect-your-social-media-accounts-to-hubspot
MAR-CON-4,Learn how to use the social reports tool to evaluate the effectiveness...,Content Execution,https://knowledge.hubspot.com/social/analyze-social-reports
MAR-CON-5,Learn how to use HubSpot's marketing tools to grow your business.,Content Execution,https://knowledge.hubspot.com/get-started/market-your-business
MAR-CON-6,Marketing Tools Topics,Content Execution,https://knowledge.hubspot.com/marketing-tools/topics
MAR-CON-1,Repurpose content using AI with content remix,Content Execution,https://knowledge.hubspot.com/blog/repurpose-content-using-ai-with-content-remix
MAR-CON-2,Create personalized content from segments,Content Execution,https://knowledge.hubspot.com/segments/create-personalized-content-from-lists
MAR-CON-3,Use AI with content remix in the content editor and index pages,Content Execution,https://knowledge.hubspot.com/use-ai-with-content-remix-in-the-content-editor-and-index-pages
MAR-CON-4,Use page templates in content remix,Content Execution,https://knowledge.hubspot.com/website-and-landing-pages/use-page-templates-in-content-remix
MAR-CON-5,Use drag and drop email templates in content remix,Content Execution,https://knowledge.hubspot.com/blog/use-drag-and-drop-email-templates-in-content-remix
MAR-CON-6,Understand Breeze,Content Execution,https://knowledge.hubspot.com/ai/understand-breeze
MAR-CON-1,Create and publish social posts in the HubSpot mobile app,Content Execution,https://knowledge.hubspot.com/social/publish-and-review-social-posts-in-the-hubspot-mobile-app
MAR-CON-2,Monitor your social posts in the HubSpot mobile app,Content Execution,https://knowledge.hubspot.com/social/monitor-social-posts-in-the-hubspot-mobile-app
MAR-CON-3,Review and manage your social posts in the HubSpot mobile app,Content Execution,https://knowledge.hubspot.com/social/review-and-manage-your-social-posts-in-the-hubspot-mobile-app
MAR-CON-4,Publish YouTube videos from the HubSpot mobile app,Content Execution,https://knowledge.hubspot.com/social/publish-youtube-videos-from-the-hubspot-mobile-app
MAR-CON-5,Install the HubSpot mobile app,Content Execution,https://knowledge.hubspot.com/account-mangagement/how-to-install-the-hubspot-mobile-application
MAR-CON-6,Marketing Tools Topics,Content Execution,https://knowledge.hubspot.com/marketing-tools/topics
MAR-CON-1,A quick tour of the design manager,Content Execution,https://knowledge.hubspot.com/design-manager/a-quick-tour-of-the-design-manager
MAR-CON-2,Copy assets to another HubSpot account with multi-account...,Content Execution,https://knowledge.hubspot.com/account-management/copy-assets-to-another-hubspot-account
MAR-CON-3,Associate assets and content with a campaign,Content Execution,https://knowledge.hubspot.com/campaigns/associate-assets-and-content-with-a-campaign
MAR-CON-4,Limit access to your HubSpot assets,Content Execution,https://knowledge.hubspot.com/account-security/limit-access-to-your-hubspot-assets
MAR-CON-5,Set up multi-account management,Content Execution,https://knowledge.hubspot.com/account-management/set-up-multi-account-management
MAR-CON-6,Create campaigns using Marketing Studio,Content Execution,https://knowledge.hubspot.com/campaigns/create-campaigns-using-marketing-studio
SAL-SAL-1,Improve forecasting with AI projections,Sales Leadership,https://knowledge.hubspot.com/forecast/improve-forecasting-with-ai-projections
SAL-SAL-2,Sales Tools Topics,Sales Leadership,https://knowledge.hubspot.com/sales-tools/topics
SAL-SAL-3,Sales Tools,Sales Leadership,https://knowledge.hubspot.com/sales-tools
SAL-SAL-4,Create a forecast to view multiple outcomes,Sales Leadership,https://knowledge.hubspot.com/forecast/create-a-forecast-to-view-multiple-outcomes
SAL-SAL-5,Use the forecast tool,Sales Leadership,https://knowledge.hubspot.com/forecast/use-the-forecast-tool
SAL-SAL-6,Set up the forecast tool,Sales Leadership,https://knowledge.hubspot.com/forecast/set-up-the-forecast-tool
SAL-SAL-1,Create sales goals,Sales Leadership,https://knowledge.hubspot.com/reports/create-sales-goals
SAL-SAL-2,Learn more about reporting on your goals.,Sales Leadership,https://knowledge.hubspot.com/goals/report-on-goals
SAL-SAL-3,Use the campaign goals tracker,Sales Leadership,https://knowledge.hubspot.com/campaigns/use-the-campaign-goals-tracker
SAL-SAL-4,Create goal progress reports,Sales Leadership,https://knowledge.hubspot.com/goals/create-goal-progress-reports
SAL-SAL-5,Use the forecast tool,Sales Leadership,https://knowledge.hubspot.com/forecast/use-the-forecast-tool
SAL-SAL-6,Set up the forecast tool,Sales Leadership,https://knowledge.hubspot.com/forecast/set-up-the-forecast-tool
SAL-SAL-1,Set up multi-account management,Sales Leadership,https://knowledge.hubspot.com/account-management/set-up-multi-account-management
SAL-SAL-5,Customize default region and language settings,Sales Leadership,https://knowledge.hubspot.com/account-management/change-your-language-and-region-settings
SAL-SAL-6,Manage campaigns,Sales Leadership,https://knowledge.hubspot.com/campaigns/manage-campaigns
SAL-FRO-1,Use the help desk coaching page,Frontline Managers,https://knowledge.hubspot.com/help-desk/use-the-help-desk-coaching-page
SAL-FRO-2,Use coaching playlists to train your team,Frontline Managers,https://knowledge.hubspot.com/calling/use-coaching-playlists-to-train-your-team
SAL-FRO-4,Service Tools Topics,Frontline Managers,https://knowledge.hubspot.com/service-tools/topics
SAL-FRO-5,Service Tools,Frontline Managers,https://knowledge.hubspot.com/service-tools
SAL-FRO-6,Review call recordings and transcripts,Frontline Managers,https://knowledge.hubspot.com/calling/review-call-recordings-and-transcripts
SAL-FRO-1,Create sales reports in the sales analytics suite,Frontline Managers,https://knowledge.hubspot.com/reports/create-sales-reports-in-the-sales-analytics-suite
SAL-FRO-2,Review sales rep insights on the HubSpot mobile app,Frontline Managers,https://knowledge.hubspot.com/prospecting/review-sales-rep-insights-on-the-hubspot-mobile-app
SAL-FRO-3,Analyze payments revenue,Frontline Managers,https://knowledge.hubspot.com/payments/analyze-payments-revenue
SAL-FRO-4,Use the help desk coaching page,Frontline Managers,https://knowledge.hubspot.com/help-desk/use-the-help-desk-coaching-page
SAL-FRO-5,Analyze help desk activities,Frontline Managers,https://knowledge.hubspot.com/help-desk/analyze-help-desk
SAL-FRO-6,Predict likelihood to close with deal scores,Frontline Managers,https://knowledge.hubspot.com/records/use-deal-scores
SAL-FRO-1,Set up and manage object pipelines,Frontline Managers,https://knowledge.hubspot.com/object-settings/set-up-and-customize-pipelines
SAL-FRO-2,Manage deals in the sales workspace,Frontline Managers,https://knowledge.hubspot.com/prospecting/create-and-manage-deals-in-the-sales-workspace
SAL-FRO-3,Require approvals for deals,Frontline Managers,https://knowledge.hubspot.com/object-settings/pipeline-approvals
SAL-FRO-4,Review data metrics on deal views,Frontline Managers,https://knowledge.hubspot.com/records/review-data-insights-on-deal-views
SAL-FRO-5,How to Understand Attribution Report Definitions in HubSpot's Report...,Frontline Managers,https://knowledge.hubspot.com/reports/understand-attribution-reporting
SAL-FRO-6,Create sales reports in the sales analytics suite,Frontline Managers,https://knowledge.hubspot.com/reports/create-sales-reports-in-the-sales-analytics-suite
SAL-FRO-1,Use playbooks,Frontline Managers,https://knowledge.hubspot.com/playbooks/use-playbooks
SAL-FRO-2,A comprehensive overview of HubSpot's user permissions settings.,Frontline Managers,https://knowledge.hubspot.com/user-management/hubspot-user-permissions-guide
SAL-FRO-3,Reporting & Data Topics,Frontline Managers,https://knowledge.hubspot.com/reporting-and-data/topics
SAL-FRO-4,Reporting & Data,Frontline Managers,https://knowledge.hubspot.com/reporting-and-data
SAL-FRO-5,CRM Topics,Frontline Managers,https://knowledge.hubspot.com/crm/topics
SAL-FRO-6,CRM,Frontline Managers,https://knowledge.hubspot.com/crm
SAL-SAL-1,Set up and manage object pipelines,Sales Ops,https://knowledge.hubspot.com/object-settings/set-up-and-customize-pipelines
SAL-SAL-2,Require approvals for deals,Sales Ops,https://knowledge.hubspot.com/object-settings/pipeline-approvals
SAL-SAL-3,Manage deals in the sales workspace,Sales Ops,https://knowledge.hubspot.com/prospecting/create-and-manage-deals-in-the-sales-workspace
SAL-SAL-4,Learn more about the definitions of HubSpot's default deal properties.,Sales Ops,https://knowledge.hubspot.com/properties/hubspots-default-deal-properties
SAL-SAL-5,Set up rules for object pipelines,Sales Ops,https://knowledge.hubspot.com/object-settings/set-up-pipeline-rules
SAL-SAL-6,Create sales reports in the sales analytics suite,Sales Ops,https://knowledge.hubspot.com/reports/create-sales-reports-in-the-sales-analytics-suite
SAL-SAL-1,Use the forecast tool,Sales Ops,https://knowledge.hubspot.com/forecast/use-the-forecast-tool
SAL-SAL-2,Set up the forecast tool,Sales Ops,https://knowledge.hubspot.com/forecast/set-up-the-forecast-tool
SAL-SAL-3,Improve forecasting with AI projections,Sales Ops,https://knowledge.hubspot.com/forecast/improve-forecasting-with-ai-projections
SAL-SAL-4,Create sales reports in the sales analytics suite,Sales Ops,https://knowledge.hubspot.com/reports/create-sales-reports-in-the-sales-analytics-suite
SAL-SAL-5,Manage reports in your reports list,Sales Ops,https://knowledge.hubspot.com/reports/manage-reports-in-your-reports-list
SAL-SAL-1,Use line items,Sales Ops,https://knowledge.hubspot.com/products/edit-products-and-terms-in-the-line-items-editor
SAL-SAL-2,Create and manage products,Sales Ops,https://knowledge.hubspot.com/products/how-do-i-use-products?KBOpenTab=undefined
SAL-SAL-3,Create and manage products,Sales Ops,https://knowledge.hubspot.com/products/create-and-manage-products
SAL-SAL-1,Getting started with HubSpot CPQ,Sales Ops,https://knowledge.hubspot.com/quotes/getting-started-with-hubspot-cpq?hubs_content=knowledge.hubspot.com/quotes/use-e-signatures-with-quotes&hubs_content-cta=new-ai-powered-cpq
SAL-SAL-2,Set up quotes,Sales Ops,https://knowledge.hubspot.com/quotes/set-up-quotes
SAL-SAL-3,"Learn how to create, edit, and send quotes to buyers.",Sales Ops,https://knowledge.hubspot.com/quotes/create-and-send-quotes
SAL-SAL-4,Getting started with HubSpot CPQ,Sales Ops,https://knowledge.hubspot.com/cpq/getting-started-with-hubspot-cpq
SAL-SAL-5,Customize quotes with branding and templates,Sales Ops,https://knowledge.hubspot.com/quotes/customize-quotes-with-branding-and-templates
SAL-SAL-6,Compare Sales Hub legacy quotes and Commerce Hub quotes,Sales Ops,https://knowledge.hubspot.com/quotes/compare-legacy-quotes-and-quotes
SAL-FIE-1,Install the HubSpot mobile app,Field Sales (Outside),https://knowledge.hubspot.com/account-mangagement/how-to-install-the-hubspot-mobile-application
SAL-FIE-2,Sign up for HubSpot mobile beta features,Field Sales (Outside),https://knowledge.hubspot.com/account-management/sign-up-for-hubspot-mobile-beta
SAL-FIE-3,Use dashboards in the mobile app,Field Sales (Outside),https://knowledge.hubspot.com/dashboards/use-dashboards-in-the-mobile-app
SAL-FIE-4,Make calls from the HubSpot mobile app,Field Sales (Outside),https://knowledge.hubspot.com/calling/make-calls-from-the-hubspot-mobile-app
SAL-FIE-5,Create and manage records in the HubSpot mobile app,Field Sales (Outside),https://knowledge.hubspot.com/records/work-with-records-in-the-hubspot-mobile-app
SAL-FIE-6,Create and manage leads using the HubSpot mobile app,Field Sales (Outside),https://knowledge.hubspot.com/prospecting/manage-leads-using-the-hubspot-mobile-app
SAL-FIE-1,Import contacts on the HubSpot mobile app,Field Sales (Outside),https://knowledge.hubspot.com/import-and-export/import-contacts-on-the-hubspot-mobile-app
SAL-FIE-2,Create and manage records in the HubSpot mobile app,Field Sales (Outside),https://knowledge.hubspot.com/records/work-with-records-in-the-hubspot-mobile-app
SAL-FIE-3,Learn how to install and use HubSpot's SanSan integration.,Field Sales (Outside),https://knowledge.hubspot.com/integrations/connect-and-use-hubspots-sansan-integration
SAL-FIE-5,Understand opt-in consent for email,Field Sales (Outside),https://knowledge.hubspot.com/marketing-email/understand-opt-in-consent-for-email
SAL-FIE-6,CRM Topics,Field Sales (Outside),https://knowledge.hubspot.com/crm/topics
SAL-FIE-1,"Manage Caller ID, manual contact syncs, and call logs in the HubSpot...",Field Sales (Outside),https://knowledge.hubspot.com/calling/manage-caller-id-manual-contact-syncs-and-call-logs-in-the-hubspot-mobile-app
SAL-FIE-2,Make calls from the HubSpot mobile app,Field Sales (Outside),https://knowledge.hubspot.com/calling/make-calls-from-the-hubspot-mobile-app
SAL-FIE-3,Log Microsoft Teams calls to HubSpot records,Field Sales (Outside),https://knowledge.hubspot.com/integrations/log-microsoft-teams-calls-to-hubspot-records
SAL-FIE-4,Learn how to use HubSpot's calling tool to connect with your prospects...,Field Sales (Outside),https://knowledge.hubspot.com/calling/use-the-calling-tool?hubs_content=knowledge.hubspot.com/calling/manage-phone-numbers-registered-for-calling&hubs_content-cta=related-content-body
SAL-FIE-5,Create or log activities on a record,Field Sales (Outside),https://knowledge.hubspot.com/records/manually-log-activities-on-records
SAL-FIE-6,Set up calling,Field Sales (Outside),https://knowledge.hubspot.com/calling/manage-phone-numbers-registered-for-calling
SAL-FIE-1,Import contacts on the HubSpot mobile app,Field Sales (Outside),https://knowledge.hubspot.com/import-and-export/import-contacts-on-the-hubspot-mobile-app
SAL-FIE-2,Create and manage records in the HubSpot mobile app,Field Sales (Outside),https://knowledge.hubspot.com/records/work-with-records-in-the-hubspot-mobile-app
SAL-FIE-3,Create and share a payment link,Field Sales (Outside),https://knowledge.hubspot.com/payment-links/create-and-share-a-products-payment-link
SAL-FIE-4,Account & Setup,Field Sales (Outside),https://knowledge.hubspot.com/account-and-setup
SAL-FIE-5,Service Tools,Field Sales (Outside),https://knowledge.hubspot.com/service-tools
SAL-FIE-6,India Electronic Invoicing,Field Sales (Outside),https://knowledge.hubspot.com/account-management/india-electronic-invoicing-frequently-asked-questions
SAL-INS-1,Review sales activity in the sales workspace,Inside Sales (SDR/BDR),https://knowledge.hubspot.com/prospecting/review-sales-activity-in-the-sales-workspace
SAL-INS-2,Use the prospecting queue in the sales workspace,Inside Sales (SDR/BDR),https://knowledge.hubspot.com/prospecting/use-the-prospecting-queue
SAL-INS-3,Manage companies in the sales workspace,Inside Sales (SDR/BDR),https://knowledge.hubspot.com/prospecting/manage-companies-in-the-sales-workspace
SAL-INS-4,Learn how to manage leads in the sales workspace.,Inside Sales (SDR/BDR),https://knowledge.hubspot.com/records/manage-leads
SAL-INS-5,Manage deals in the sales workspace,Inside Sales (SDR/BDR),https://knowledge.hubspot.com/prospecting/create-and-manage-deals-in-the-sales-workspace
SAL-INS-6,Manage target accounts in the sales workspace,Inside Sales (SDR/BDR),https://knowledge.hubspot.com/prospecting/manage-target-accounts-in-the-sales-workspace?hubs_content=knowledge.hubspot.com/prospecting/use-the-prospecting-agent&hubs_content-cta=target-accounts
SAL-INS-1,Use task queues,Inside Sales (SDR/BDR),https://knowledge.hubspot.com/tasks/use-task-queues
SAL-INS-2,Create tasks,Inside Sales (SDR/BDR),https://knowledge.hubspot.com/tasks/create-tasks
SAL-INS-3,Manage queues in the sales workspace,Inside Sales (SDR/BDR),https://knowledge.hubspot.com/prospecting/manage-queues-in-the-sales-workspace
SAL-INS-4,Use guided execution in the sales workspace,Inside Sales (SDR/BDR),https://knowledge.hubspot.com/prospecting/use-guided-execution-in-the-sales-workspace
SAL-INS-5,Use the prospecting queue in the sales workspace,Inside Sales (SDR/BDR),https://knowledge.hubspot.com/prospecting/use-the-prospecting-queue
SAL-INS-6,CRM Topics,Inside Sales (SDR/BDR),https://knowledge.hubspot.com/crm/topics
SAL-INS-1,Create and edit sequences,Inside Sales (SDR/BDR),https://knowledge.hubspot.com/sequences/create-and-edit-sequences
SAL-INS-2,Create and edit dynamic sequences,Inside Sales (SDR/BDR),https://knowledge.hubspot.com/sequences/create-and-edit-dynamic-sequences
SAL-INS-3,Learn how to run A/B tests for emails in your sequences.,Inside Sales (SDR/BDR),https://knowledge.hubspot.com/sequences/automate-a-b-testing-emails-with-sequences
SAL-INS-4,Enroll contacts in a sequence,Inside Sales (SDR/BDR),https://knowledge.hubspot.com/sequences/enroll-contacts-in-a-sequence
SAL-INS-5,Analyze sequence enrollment and performance data,Inside Sales (SDR/BDR),https://knowledge.hubspot.com/sequences/analyze-sequence-enrollment-and-performance-data
SAL-INS-6,Sales Tools Topics,Inside Sales (SDR/BDR),https://knowledge.hubspot.com/sales-tools/topics
SAL-INS-1,Connect HubSpot and LinkedIn Sales Navigator,Inside Sales (SDR/BDR),https://knowledge.hubspot.com/integrations/how-to-connect-hubspot-and-linkedin-sales-navigator
SAL-INS-2,Connect HubSpot and LinkedIn Sales Navigator and Business...,Inside Sales (SDR/BDR),https://knowledge.hubspot.com/integrations/connect-hubspot-and-linkedin-crm-sync
SAL-INS-4,Learn more about adding marketing events to your HubSpot account to...,Inside Sales (SDR/BDR),https://knowledge.hubspot.com/integrations/use-marketing-events?hubs_content=knowledge.hubspot.com/integrations/how-to-connect-hubspot-and-linkedin-sales-navigator&hubs_content-cta=cl-navLink-link
SAL-INS-5,Create and edit sequences,Inside Sales (SDR/BDR),https://knowledge.hubspot.com/sequences/create-and-edit-sequences
SAL-INS-1,Make calls in the HubSpot browser,Inside Sales (SDR/BDR),https://knowledge.hubspot.com/calling/make-calls-in-the-hubspot-browser
SAL-INS-2,Learn how to use HubSpot's calling tool to connect with your...,Inside Sales (SDR/BDR),https://knowledge.hubspot.com/calling/use-the-calling-tool?hubs_content=knowledge.hubspot.com/calling/manage-phone-numbers-registered-for-calling&hubs_content-cta=related-content-body
SAL-INS-3,Calling,Inside Sales (SDR/BDR),https://knowledge.hubspot.com/calling/calling-frequently-asked-questions
SAL-INS-4,Set up calling,Inside Sales (SDR/BDR),https://knowledge.hubspot.com/calling/manage-phone-numbers-registered-for-calling
SAL-INS-5,Technical requirements to use the calling tool,Inside Sales (SDR/BDR),https://knowledge.hubspot.com/calling/what-are-the-technical-requirements-to-use-the-calling-tool
SAL-INS-6,Receive calls in the HubSpot browser,Inside Sales (SDR/BDR),https://knowledge.hubspot.com/calling/receive-calls-in-hubspot
SAL-ENA-1,Use playbooks,Enablement,https://knowledge.hubspot.com/playbooks/use-playbooks
SAL-ENA-2,Learn how to view lead records and complete actions for your leads.,Enablement,https://knowledge.hubspot.com/records/view-a-lead-record
SAL-ENA-3,Generate sales,Enablement,https://knowledge.hubspot.com/get-started/generate-sales
SAL-ENA-4,Sales Tools Topics,Enablement,https://knowledge.hubspot.com/sales-tools/topics
SAL-ENA-5,Share sales content with users and teams,Enablement,https://knowledge.hubspot.com/sequences/share-sales-content-with-users-and-teams
SAL-ENA-6,A comprehensive overview of HubSpot's user permissions settings.,Enablement,https://knowledge.hubspot.com/user-management/hubspot-user-permissions-guide
SAL-ENA-1,Create and send message templates,Enablement,https://knowledge.hubspot.com/templates/create-and-send-templates
SAL-ENA-2,Use sales tools in the HubSpot Sales Chrome extension,Enablement,https://knowledge.hubspot.com/connected-email/use-sales-tools-in-the-hubspot-sales-chrome-extension
SAL-ENA-3,Use sales tools with the HubSpot Sales Outlook desktop add-in,Enablement,https://knowledge.hubspot.com/connected-email/use-sales-tools-with-the-hubspot-sales-outlook-desktop-add-in
SAL-ENA-4,Use sales tools with the HubSpot Sales Office 365 add-in,Enablement,https://knowledge.hubspot.com/connected-email/use-sales-tools-with-the-hubspot-sales-office-365-add-in
SAL-ENA-5,Add personalization tokens to a template or snippet,Enablement,https://knowledge.hubspot.com/conversations/how-do-i-add-personalization-tokens-to-a-template-or-snippet
SAL-ENA-6,CRM Topics,Enablement,https://knowledge.hubspot.com/crm/topics
SAL-ENA-1,Create scheduling pages with the meetings tool,Enablement,https://knowledge.hubspot.com/meetings-tool/create-and-edit-scheduling-pages
SAL-ENA-2,Customize connected calendar and meeting scheduling page settings,Enablement,https://knowledge.hubspot.com/meeting-tool/customize-connected-calendar-and-meeting-scheduling-page-settings
SAL-ENA-3,Connect your calendar to HubSpot,Enablement,https://knowledge.hubspot.com/meetings-tool/use-meetings
SAL-ENA-4,Set up a meeting with a contact in the record.,Enablement,https://knowledge.hubspot.com/meetings-tool/schedule-a-meeting-on-a-record
SAL-ENA-5,Turn on meeting reminders by default,Enablement,https://knowledge.hubspot.com/meetings-tool/turn-on-meeting-reminders-by-default
SAL-ENA-6,Create and use call and meeting types,Enablement,https://knowledge.hubspot.com/meetings-tool/how-do-i-create-and-use-call-and-meeting-types
CUS-CS-1,How to Understand Attribution Report Definitions in HubSpot's Report...,CS Leadership,https://knowledge.hubspot.com/reports/understand-attribution-reporting
CUS-CS-2,Track recurring revenue in HubSpot,CS Leadership,https://knowledge.hubspot.com/reports/track-recurring-revenue-with-revenue-analytics
CUS-CS-3,Reporting & Data Topics,CS Leadership,https://knowledge.hubspot.com/reporting-and-data/topics
CUS-CS-4,FQ1 2024 Earnings Call Transcripts,CS Leadership,"https://knowledge.hubspot.com/hubfs/HubSpot,+Inc._Earnings+Call_2024-05-08_English.pdf"
CUS-CS-5,Learn how to review and analyze your campaign ROI report.,CS Leadership,https://knowledge.hubspot.com/campaigns/analyze-your-campaign-roi
CUS-CS-6,Create attribution reports,CS Leadership,https://knowledge.hubspot.com/reports/create-attribution-reports
CUS-CS-1,Use dashboards in the mobile app,CS Leadership,https://knowledge.hubspot.com/dashboards/use-dashboards-in-the-mobile-app
CUS-CS-2,Create reports in the commerce analytics suite,CS Leadership,https://knowledge.hubspot.com/reports/create-reports-in-the-commerce-analytics-suite
CUS-CS-3,Analyze payments revenue,CS Leadership,https://knowledge.hubspot.com/payments/analyze-payments-revenue
CUS-CS-4,Create subscriptions,CS Leadership,https://knowledge.hubspot.com/subscriptions/create-subscriptions
CUS-CS-5,Analyze individual campaign performance,CS Leadership,https://knowledge.hubspot.com/campaigns/analyze-campaigns
CUS-CS-6,Create sales goals,CS Leadership,https://knowledge.hubspot.com/reports/create-sales-goals
CUS-CS-1,Create a report with journey analytics,CS Leadership,https://knowledge.hubspot.com/reports/create-a-journey-report
CUS-CS-2,Customer journey report steps and filters,CS Leadership,https://knowledge.hubspot.com/reports/customer-journey-report-steps-and-filters
CUS-CS-3,Use marketing reports in the marketing analytics suite,CS Leadership,https://knowledge.hubspot.com/reports/use-marketing-reports-in-the-marketing-analytics-suite
CUS-CS-4,Analyze all segments,CS Leadership,https://knowledge.hubspot.com/segments/analyze-segments
CUS-CS-5,Analyze segments,CS Leadership,https://knowledge.hubspot.com/analyze-segments?hubs_content=knowledge.hubspot.com/lists/analyze-your-list-performance&hubs_content-cta=analyze-reports-for-all-segments
CUS-CS-6,Reporting & Data Topics,CS Leadership,https://knowledge.hubspot.com/reporting-and-data/topics
CUS-FRO-1,Set SLA goals in your help desk to improve ticket response times and...,Frontline Managers,https://knowledge.hubspot.com/help-desk/set-sla-goals-in-help-desk
CUS-FRO-2,Set SLAs in the inbox,Frontline Managers,https://knowledge.hubspot.com/inbox/set-slas-in-the-inbox
CUS-FRO-3,Learn more about the definitions of HubSpot's default ticket properties.,Frontline Managers,https://knowledge.hubspot.com/properties/hubspots-default-ticket-properties
CUS-FRO-4,Analyze help desk activities,Frontline Managers,https://knowledge.hubspot.com/help-desk/analyze-help-desk
CUS-FRO-5,Create service reports in the service analytics suite,Frontline Managers,https://knowledge.hubspot.com/reports/create-service-reports-in-the-service-analytics-suite
CUS-FRO-6,Use the help desk coaching page,Frontline Managers,https://knowledge.hubspot.com/help-desk/use-the-help-desk-coaching-page
CUS-FRO-1,Analyze your customer agent's performance,Frontline Managers,https://knowledge.hubspot.com/customer-agent/analyze-your-customer-agents-performance
CUS-FRO-2,Set up and use the prospecting agent,Frontline Managers,https://knowledge.hubspot.com/prospecting/use-the-prospecting-agent
CUS-FRO-3,Manage the customer agent,Frontline Managers,https://knowledge.hubspot.com/customer-agent/manage-the-customer-agent
CUS-FRO-5,Configure capacity limits for chat channels connected to the inbox,Frontline Managers,https://knowledge.hubspot.com/inbox/configure-chat-capacity-limits-for-agents-in-your-account
CUS-FRO-1,Predict likelihood to close with deal scores,Frontline Managers,https://knowledge.hubspot.com/records/use-deal-scores
CUS-FRO-3,View lead score history and performance,Frontline Managers,https://knowledge.hubspot.com/scoring/lead-score-history-and-performance
CUS-SER-1,Overview of the help desk workspace,Service Ops,https://knowledge.hubspot.com/help-desk/overview-of-the-help-desk-workspace
CUS-SER-2,An overview of how to use your HubSpot customer service tools.,Service Ops,https://knowledge.hubspot.com/get-started/support-your-customers
CUS-SER-3,Connect channels to help desk,Service Ops,https://knowledge.hubspot.com/help-desk/connect-channels-to-help-desk
CUS-SER-4,Organize teams and views in help desk,Service Ops,https://knowledge.hubspot.com/help-desk/organize-teams-and-views-in-help-desk
CUS-SER-5,Route tickets in help desk,Service Ops,https://knowledge.hubspot.com/help-desk/route-tickets-in-help-desk
CUS-SER-6,Connect and customize a chat channel in help desk,Service Ops,https://knowledge.hubspot.com/help-desk/connect-and-customize-a-chat-channel-in-help-desk
CUS-SER-1,Set SLA goals in help desk,Service Ops,https://knowledge.hubspot.com/help-desk/set-sla-goals-in-help-desk
CUS-SER-2,Set SLAs in the inbox,Service Ops,https://knowledge.hubspot.com/inbox/set-slas-in-the-inbox
CUS-SER-3,Analyze help desk activities,Service Ops,https://knowledge.hubspot.com/help-desk/analyze-help-desk
CUS-SER-4,Use the help desk coaching page,Service Ops,https://knowledge.hubspot.com/help-desk/use-the-help-desk-coaching-page
CUS-SER-5,Service Tools Topics,Service Ops,https://knowledge.hubspot.com/service-tools/topics
CUS-SER-6,Overview of the help desk workspace,Service Ops,https://knowledge.hubspot.com/help-desk/overview-of-the-help-desk-workspace
CUS-SER-1,Set up and manage object pipelines,Service Ops,https://knowledge.hubspot.com/object-settings/set-up-and-customize-pipelines
CUS-SER-2,Create tickets,Service Ops,https://knowledge.hubspot.com/records/create-tickets
CUS-SER-3,Set up rules for ticket pipelines,Service Ops,https://knowledge.hubspot.com/object-settings/set-up-rules-for-ticket-pipelines
CUS-SER-4,Create and respond to tickets in help desk,Service Ops,https://knowledge.hubspot.com/help-desk/create-respond-to-tickets-in-help-desk
CUS-SER-5,Set up pipeline automations for objects,Service Ops,https://knowledge.hubspot.com/object-settings/set-up-pipeline-automations-for-objects
CUS-SER-6,CRM Topics,Service Ops,https://knowledge.hubspot.com/crm/topics?hubs_content=knowledge.hubspot.com/object-settings/automate-ticket-pipelines&hubs_content-cta=kb-breadcrumbs__item
CUS-SER-1,Set up a customer portal,Service Ops,https://knowledge.hubspot.com/inbox/set-up-a-customer-portal
CUS-SER-2,Manage customer portal settings,Service Ops,https://knowledge.hubspot.com/inbox/manage-customer-portal-settings
CUS-SER-3,A list of definitions for common terms in HubSpot.,Service Ops,https://knowledge.hubspot.com/get-started/hubspot-glossary
CUS-SER-4,CRM Topics,Service Ops,https://knowledge.hubspot.com/crm/topics
CUS-SER-5,Create and manage access groups for private content,Service Ops,https://knowledge.hubspot.com/website-pages/require-member-registration-to-access-private-content
CUS-SER-6,Supported file types and sizes,Service Ops,https://knowledge.hubspot.com/files/supported-file-types
CUS-AGE-1,Connect channels to the conversations inbox,Agent Enablement,https://knowledge.hubspot.com/inbox/connect-channels-to-the-conversations-inbox
CUS-AGE-2,Set up the conversations inbox,Agent Enablement,https://knowledge.hubspot.com/inbox/set-up-the-conversations-inbox
CUS-AGE-3,Overview of the conversations inbox,Agent Enablement,https://knowledge.hubspot.com/inbox/overview-of-the-conversations-inbox
CUS-AGE-4,Connect a personal or team email to the conversations inbox,Agent Enablement,https://knowledge.hubspot.com/connected-email/choose-an-inbox-connection
CUS-AGE-5,A guide to the conversations inbox,Agent Enablement,https://knowledge.hubspot.com/inbox/use-the-conversations-inbox
CUS-AGE-6,Manage the allow and deny list in the conversations inbox or help desk,Agent Enablement,https://knowledge.hubspot.com/inbox/manage-your-allow-and-deny-list
CUS-AGE-1,Create and use snippets,Agent Enablement,https://knowledge.hubspot.com/conversations/use-snippets
CUS-AGE-2,Choose your rule-based chatbot actions,Agent Enablement,https://knowledge.hubspot.com/chatflows/a-guide-to-bot-actions
CUS-AGE-3,Messaging Topics,Agent Enablement,https://knowledge.hubspot.com/messaging/topics
CUS-AGE-5,CRM Topics,Agent Enablement,https://knowledge.hubspot.com/crm/topics
CUS-AGE-6,Service Tools Topics,Agent Enablement,https://knowledge.hubspot.com/service-tools/topics
CUS-AGE-1,Create and customize knowledge base articles,Agent Enablement,https://knowledge.hubspot.com/knowledge-base/create-and-customize-knowledge-base-articles
CUS-AGE-2,Create knowledge base articles in multiple languages,Agent Enablement,https://knowledge.hubspot.com/knowledge-base/create-knowledge-base-articles-in-multiple-languages
CUS-AGE-3,Import knowledge base articles,Agent Enablement,https://knowledge.hubspot.com/knowledge-base/import-knowledge-base-articles
CUS-AGE-4,Create and manage multiple knowledge bases,Agent Enablement,https://knowledge.hubspot.com/knowledge-base/create-multiple-knowledge-bases
CUS-AGE-5,Insert a table in a rich text module,Agent Enablement,https://knowledge.hubspot.com/website-and-landing-pages/insert-a-table-in-a-rich-text-module
CUS-AGE-6,Use playbooks,Agent Enablement,https://knowledge.hubspot.com/playbooks/use-playbooks
CUS-AGE-1,Install the HubSpot mobile app,Agent Enablement,https://knowledge.hubspot.com/account-mangagement/how-to-install-the-hubspot-mobile-application
CUS-AGE-2,Create and customize a mobile chatflow,Agent Enablement,https://knowledge.hubspot.com/chatflows/create-and-customize-a-mobile-chatflow
CUS-AGE-3,Make calls from the HubSpot mobile app,Agent Enablement,https://knowledge.hubspot.com/calling/make-calls-from-the-hubspot-mobile-app
CUS-AGE-6,Manage notifications from the HubSpot mobile app,Agent Enablement,https://knowledge.hubspot.com/user-management/enable-notifications-from-the-hubspot-mobile-app
CUS-RET-1,Create a health score in the customer success workspace,Retention Strategy,https://knowledge.hubspot.com/help-desk/customize-a-health-score-in-the-customer-success-workspace
CUS-RET-2,Use the customer success workspace,Retention Strategy,https://knowledge.hubspot.com/customer-success/use-the-customer-success-workspace
CUS-RET-3,Access the customer success health score card on records,Retention Strategy,https://knowledge.hubspot.com/customer-success/access-the-customer-success-health-score-card-on-records
CUS-RET-4,Test records in lead and health scores,Retention Strategy,https://knowledge.hubspot.com/scoring/test-records-in-scoring-tools
CUS-RET-5,Set up and use the customer health agent,Retention Strategy,https://knowledge.hubspot.com/ai-tools/use-the-customer-health-agent
CUS-RET-6,Service Tools Topics,Retention Strategy,https://knowledge.hubspot.com/service-tools/topics
CUS-RET-1,Import existing subscriptions to HubSpot,Retention Strategy,https://knowledge.hubspot.com/subscriptions/import-existing-subscriptions-to-hubspot
CUS-RET-2,Organize and manage your workflows,Retention Strategy,https://knowledge.hubspot.com/workflows/organize-your-workflows
CUS-RET-4,Migrate Stripe subscriptions to HubSpot,Retention Strategy,https://knowledge.hubspot.com/subscriptions/migrate-stripe-subscriptions-to-hubspot
CUS-RET-5,"How to Create Workflows in HubSpot for Marketing, Sales, and Service",Retention Strategy,https://knowledge.hubspot.com/workflows/create-workflows
CUS-RET-6,Use subscriptions to store recurring revenue data,Retention Strategy,https://knowledge.hubspot.com/subscriptions/use-subscriptions-to-store-recurring-revenue-data
CUS-RET-1,Create and conduct customer loyalty surveys,Retention Strategy,https://knowledge.hubspot.com/customer-feedback/how-do-i-send-a-customer-loyalty-survey
CUS-RET-2,HubSpot's survey response properties,Retention Strategy,https://knowledge.hubspot.com/customer-feedback/survey-response-properties
CUS-RET-3,Customer feedback,Retention Strategy,https://knowledge.hubspot.com/customer-feedback/customer-feedback-faqs
CUS-RET-4,Analyze survey responses,Retention Strategy,https://knowledge.hubspot.com/customer-feedback/analyze-survey-responses
CUS-RET-5,Create a custom survey,Retention Strategy,https://knowledge.hubspot.com/customer-feedback/create-a-custom-survey
CUS-RET-6,Analyze customer feedback,Retention Strategy,https://knowledge.hubspot.com/customer-feedback/how-do-i-analyze-my-customer-feedback?hubs_content=knowledge.hubspot.com/service-tools&hubs_content-cta=Analyze+customer+feedback
